
-- 팀장 데이터 추가
INSERT INTO member (employee_id, email, name, password, tel, address)
VALUES ('TL001', 'admin@gmail.com', '팀장님', '{bcrypt}$2a$10$ZuxK7vHU5jpTbednD.zrYOsJgm48HiBTMPBYfJTGIfzrh.nqxxgXq', '010-1234-5678', '123 Leader Street');

-- 멤버 추가
INSERT INTO member (employee_id, email, name, password, tel, address)
VALUES ('EMP002', 'hyeji@company.com', '박혜지','{bcrypt}$2a$10$ZuxK7vHU5jpTbednD.zrYOsJgm48HiBTMPBYfJTGIfzrh.nqxxgXq', '010-5678-0002', 'Address 2');

INSERT INTO member (employee_id, email, name, password, tel, address)
VALUES ('EMP003', 'jhj@company.com', '조한재', '{bcrypt}$2a$10$ZuxK7vHU5jpTbednD.zrYOsJgm48HiBTMPBYfJTGIfzrh.nqxxgXq', '010-5678-0003', 'Address 3');

INSERT INTO member (employee_id, email, name, password, tel, address)
VALUES ('EMP004', 'pyy@company.com', '박이연', '{bcrypt}$2a$10$ZuxK7vHU5jpTbednD.zrYOsJgm48HiBTMPBYfJTGIfzrh.nqxxgXq', '010-5678-0004', 'Address 4');

INSERT INTO member (employee_id, email, name, password, tel, address)
VALUES ('EMP005', 'nyj@company.com', '노영준', '{bcrypt}$2a$10$ZuxK7vHU5jpTbednD.zrYOsJgm48HiBTMPBYfJTGIfzrh.nqxxgXq', '010-5678-0005', 'Address 5');

INSERT INTO member (employee_id, email, name, password, tel, address)
VALUES ('EMP006', 'hjh@company.com', '황진혁', '{bcrypt}$2a$10$ZuxK7vHU5jpTbednD.zrYOsJgm48HiBTMPBYfJTGIfzrh.nqxxgXq', '010-5678-0006', 'Address 6');

--권한 추가
INSERT INTO MEMBER_ROLES(MEMBER_MEMBER_ID, ROLES) VALUES
('1', 'ADMIN'),
('1', 'USER'),
('2', 'USER'),
('3', 'USER'),
('4', 'USER'),
('5', 'USER'),
('6', 'USER');

-- Dummy data for Manufacture
INSERT INTO manufacture (mf_id, region, email, mf_cd, mf_nm, created_at, manufacture_status) VALUES
(1, 'Germany', 'mainplant@adidas.com', 'MF001', 'Adidas Main Plant Germany', NOW(), 'ACTIVE'),
(2, 'Vietnam', 'vnfactory@adidas.com', 'MF002', 'Adidas Vietnam Factory', NOW(), 'ACTIVE'),
(3, 'China', 'cnplant@adidas.com', 'MF003', 'Adidas China Factory', NOW(), 'ACTIVE'),
(4, 'USA', 'usfactory@adidas.com', 'MF004', 'Adidas USA Factory', NOW(), 'ACTIVE'),
(5, 'India', 'indfactory@adidas.com', 'MF005', 'Adidas India Factory', NOW(), 'ACTIVE'),
(6, 'Bangladesh', 'bdplant@adidas.com', 'MF006', 'Adidas Bangladesh Plant', NOW(), 'ACTIVE'),
(7, 'Italy', 'itplant@adidas.com', 'MF007', 'Adidas Italy Plant', NOW(), 'ACTIVE'),
(8, 'Brazil', 'brplant@adidas.com', 'MF008', 'Adidas Brazil Plant', NOW(), 'ACTIVE'),
(9, 'Mexico', 'mxplant@adidas.com', 'MF009', 'Adidas Mexico Plant', NOW(), 'ACTIVE'),
(10, 'UK', 'ukplant@adidas.com', 'MF010', 'Adidas UK Plant', NOW(), 'ACTIVE'),
(11, 'South Korea', 'skplant@adidas.com', 'MF011', 'Adidas Korea Plant', NOW(), 'ACTIVE'),
(12, 'Spain', 'spainplant@adidas.com', 'MF012', 'Adidas Spain Plant', NOW(), 'ACTIVE'),
(13, 'France', 'franceplant@adidas.com', 'MF013', 'Adidas France Plant', NOW(), 'ACTIVE'),
(14, 'Russia', 'russiaplant@adidas.com', 'MF014', 'Adidas Russia Plant', NOW(), 'ACTIVE'),
(15, 'Turkey', 'turkeyplant@adidas.com', 'MF015', 'Adidas Turkey Plant', NOW(), 'ACTIVE'),
(16, 'Egypt', 'egyptplant@adidas.com', 'MF016', 'Adidas Egypt Plant', NOW(), 'ACTIVE'),
(17, 'Pakistan', 'pkplant@adidas.com', 'MF017', 'Adidas Pakistan Plant', NOW(), 'ACTIVE'),
(18, 'Indonesia', 'idplant@adidas.com', 'MF018', 'Adidas Indonesia Plant', NOW(), 'ACTIVE'),
(19, 'Malaysia', 'malaysiaplant@adidas.com', 'MF019', 'Adidas Malaysia Plant', NOW(), 'ACTIVE'),
(20, 'Thailand', 'thailandplant@adidas.com', 'MF020', 'Adidas Thailand Plant', NOW(), 'ACTIVE'),
(21, 'Colombia', 'colplant@adidas.com', 'MF021', 'Adidas Colombia Plant', NOW(), 'ACTIVE'),
(22, 'Argentina', 'argplant@adidas.com', 'MF022', 'Adidas Argentina Plant', NOW(), 'ACTIVE'),
(23, 'Chile', 'chileplant@adidas.com', 'MF023', 'Adidas Chile Plant', NOW(), 'ACTIVE'),
(24, 'South Africa', 'saftplant@adidas.com', 'MF024', 'Adidas South Africa Plant', NOW(), 'ACTIVE'),
(25, 'Australia', 'ausplant@adidas.com', 'MF025', 'Adidas Australia Plant', NOW(), 'ACTIVE'),
(26, 'New Zealand', 'nzplant@adidas.com', 'MF026', 'Adidas New Zealand Plant', NOW(), 'ACTIVE'),
(27, 'Philippines', 'phplant@adidas.com', 'MF027', 'Adidas Philippines Plant', NOW(), 'ACTIVE'),
(28, 'Morocco', 'moroccoplant@adidas.com', 'MF028', 'Adidas Morocco Plant', NOW(), 'ACTIVE'),
(29, 'Portugal', 'portugalplant@adidas.com', 'MF029', 'Adidas Portugal Plant', NOW(), 'ACTIVE'),
(30, 'Poland', 'polandplant@adidas.com', 'MF030', 'Adidas Poland Plant', NOW(), 'ACTIVE'),
(31, 'Hungary', 'hungaryplant@adidas.com', 'MF031', 'Adidas Hungary Plant', NOW(), 'ACTIVE'),
(32, 'Ukraine', 'ukraineplant@adidas.com', 'MF032', 'Adidas Ukraine Plant', NOW(), 'ACTIVE'),
(33, 'Romania', 'romaniaplant@adidas.com', 'MF033', 'Adidas Romania Plant', NOW(), 'ACTIVE'),
(34, 'Greece', 'greeceplant@adidas.com', 'MF034', 'Adidas Greece Plant', NOW(), 'ACTIVE'),
(35, 'Netherlands', 'netherlandsplant@adidas.com', 'MF035', 'Adidas Netherlands Plant', NOW(), 'ACTIVE'),
(36, 'Belgium', 'belgiumplant@adidas.com', 'MF036', 'Adidas Belgium Plant', NOW(), 'ACTIVE'),
(37, 'Sweden', 'swedenplant@adidas.com', 'MF037', 'Adidas Sweden Plant', NOW(), 'ACTIVE'),
(38, 'Norway', 'norwayplant@adidas.com', 'MF038', 'Adidas Norway Plant', NOW(), 'ACTIVE'),
(39, 'Denmark', 'denmarkplant@adidas.com', 'MF039', 'Adidas Denmark Plant', NOW(), 'ACTIVE'),
(40, 'Finland', 'finlandplant@adidas.com', 'MF040', 'Adidas Finland Plant', NOW(), 'ACTIVE'),
(41, 'Switzerland', 'swissplant@adidas.com', 'MF041', 'Adidas Switzerland Plant', NOW(), 'ACTIVE'),
(42, 'Austria', 'austriaplant@adidas.com', 'MF042', 'Adidas Austria Plant', NOW(), 'ACTIVE'),
(43, 'Czech Republic', 'czplant@adidas.com', 'MF043', 'Adidas Czech Republic Plant', NOW(), 'ACTIVE'),
(44, 'Slovakia', 'slovakiaplant@adidas.com', 'MF044', 'Adidas Slovakia Plant', NOW(), 'ACTIVE'),
(45, 'Serbia', 'serbiaplant@adidas.com', 'MF045', 'Adidas Serbia Plant', NOW(), 'ACTIVE'),
(46, 'Croatia', 'croatiaplant@adidas.com', 'MF046', 'Adidas Croatia Plant', NOW(), 'ACTIVE'),
(47, 'Slovenia', 'slovenia@adidas.com', 'MF047', 'Adidas Slovenia Plant', NOW(), 'ACTIVE'),
(48, 'Bulgaria', 'bulgariaplant@adidas.com', 'MF048', 'Adidas Bulgaria Plant', NOW(), 'ACTIVE'),
(49, 'Lithuania', 'lithuaniaplant@adidas.com', 'MF049', 'Adidas Lithuania Plant', NOW(), 'ACTIVE'),
(50, 'Latvia', 'latviaplant@adidas.com', 'MF050', 'Adidas Latvia Plant', NOW(), 'ACTIVE'),
(51, 'Estonia', 'estoniaplant@adidas.com', 'MF051', 'Adidas Estonia Plant', NOW(), 'ACTIVE'),
(52, 'Kazakhstan', 'kzplant@adidas.com', 'MF052', 'Adidas Kazakhstan Plant', NOW(), 'ACTIVE'),
(53, 'Uzbekistan', 'uzplant@adidas.com', 'MF053', 'Adidas Uzbekistan Plant', NOW(), 'ACTIVE'),
(54, 'Azerbaijan', 'azplant@adidas.com', 'MF054', 'Adidas Azerbaijan Plant', NOW(), 'ACTIVE'),
(55, 'Saudi Arabia', 'ksa@adidas.com', 'MF055', 'Adidas Saudi Arabia Plant', NOW(), 'ACTIVE'),
(56, 'UAE', 'uae@adidas.com', 'MF056', 'Adidas UAE Plant', NOW(), 'ACTIVE'),
(57, 'Qatar', 'qatarplant@adidas.com', 'MF057', 'Adidas Qatar Plant', NOW(), 'ACTIVE'),
(58, 'Kuwait', 'kuwaitplant@adidas.com', 'MF058', 'Adidas Kuwait Plant', NOW(), 'ACTIVE'),
(59, 'Oman', 'omanplant@adidas.com', 'MF059', 'Adidas Oman Plant', NOW(), 'ACTIVE'),
(60, 'Bahrain', 'bahrainplant@adidas.com', 'MF060', 'Adidas Bahrain Plant', NOW(), 'ACTIVE'),
(61, 'Israel', 'israelplant@adidas.com', 'MF061', 'Adidas Israel Plant', NOW(), 'ACTIVE'),
(62, 'Jordan', 'jordanplant@adidas.com', 'MF062', 'Adidas Jordan Plant', NOW(), 'ACTIVE'),
(63, 'Lebanon', 'lebanonplant@adidas.com', 'MF063', 'Adidas Lebanon Plant', NOW(), 'ACTIVE'),
(64, 'Iraq', 'iraqplant@adidas.com', 'MF064', 'Adidas Iraq Plant', NOW(), 'ACTIVE'),
(65, 'Syria', 'syria@adidas.com', 'MF065', 'Adidas Syria Plant', NOW(), 'ACTIVE'),
(66, 'Yemen', 'yemenplant@adidas.com', 'MF066', 'Adidas Yemen Plant', NOW(), 'ACTIVE'),
(67, 'Sudan', 'sudanplant@adidas.com', 'MF067', 'Adidas Sudan Plant', NOW(), 'ACTIVE'),
(68, 'Kenya', 'kenyaplant@adidas.com', 'MF068', 'Adidas Kenya Plant', NOW(), 'ACTIVE'),
(69, 'Nigeria', 'nigeriaplant@adidas.com', 'MF069', 'Adidas Nigeria Plant', NOW(), 'ACTIVE'),
(70, 'Ghana', 'ghanaplant@adidas.com', 'MF070', 'Adidas Ghana Plant', NOW(), 'ACTIVE'),
(71, 'Ivory Coast', 'ivoryplant@adidas.com', 'MF071', 'Adidas Ivory Coast Plant', NOW(), 'ACTIVE'),
(72, 'Senegal', 'senegalplant@adidas.com', 'MF072', 'Adidas Senegal Plant', NOW(), 'ACTIVE'),
(73, 'Mali', 'maliplant@adidas.com', 'MF073', 'Adidas Mali Plant', NOW(), 'ACTIVE'),
(74, 'Cameroon', 'cameroonplant@adidas.com', 'MF074', 'Adidas Cameroon Plant', NOW(), 'ACTIVE'),
(75, 'Ethiopia', 'ethiopiaplant@adidas.com', 'MF075', 'Adidas Ethiopia Plant', NOW(), 'ACTIVE'),
(76, 'Uganda', 'ugandaplant@adidas.com', 'MF076', 'Adidas Uganda Plant', NOW(), 'ACTIVE'),
(77, 'Tanzania', 'tanzaniaplant@adidas.com', 'MF077', 'Adidas Tanzania Plant', NOW(), 'ACTIVE'),
(78, 'Zimbabwe', 'zimplant@adidas.com', 'MF078', 'Adidas Zimbabwe Plant', NOW(), 'ACTIVE'),
(79, 'Zambia', 'zambiaplant@adidas.com', 'MF079', 'Adidas Zambia Plant', NOW(), 'ACTIVE'),
(80, 'Botswana', 'botswanaplant@adidas.com', 'MF080', 'Adidas Botswana Plant', NOW(), 'ACTIVE'),
(81, 'Mozambique', 'mozambiquepplant@adidas.com', 'MF081', 'Adidas Mozambique Plant', NOW(), 'ACTIVE'),
(82, 'Angola', 'angolaplant@adidas.com', 'MF082', 'Adidas Angola Plant', NOW(), 'ACTIVE'),
(83, 'Congo', 'congoplant@adidas.com', 'MF083', 'Adidas Congo Plant', NOW(), 'ACTIVE'),
(84, 'Namibia', 'namibiaplant@adidas.com', 'MF084', 'Adidas Namibia Plant', NOW(), 'ACTIVE'),
(85, 'Madagascar', 'madagascarplant@adidas.com', 'MF085', 'Adidas Madagascar Plant', NOW(), 'ACTIVE'),
(86, 'Malawi', 'malawiplant@adidas.com', 'MF086', 'Adidas Malawi Plant', NOW(), 'ACTIVE'),
(87, 'Rwanda', 'rwandaplant@adidas.com', 'MF087', 'Adidas Rwanda Plant', NOW(), 'ACTIVE'),
(88, 'Burundi', 'burundiplant@adidas.com', 'MF088', 'Adidas Burundi Plant', NOW(), 'ACTIVE'),
(89, 'Liberia', 'liberiaplant@adidas.com', 'MF089', 'Adidas Liberia Plant', NOW(), 'ACTIVE'),
(90, 'Sierra Leone', 'sierraplant@adidas.com', 'MF090', 'Adidas Sierra Leone Plant', NOW(), 'ACTIVE'),
(91, 'Togo', 'togoplant@adidas.com', 'MF091', 'Adidas Togo Plant', NOW(), 'ACTIVE'),
(92, 'Benin', 'beninplant@adidas.com', 'MF092', 'Adidas Benin Plant', NOW(), 'ACTIVE'),
(93, 'Burkina Faso', 'burkinaplant@adidas.com', 'MF093', 'Adidas Burkina Faso Plant', NOW(), 'ACTIVE'),
(94, 'Gabon', 'gabonplant@adidas.com', 'MF094', 'Adidas Gabon Plant', NOW(), 'ACTIVE'),
(95, 'Mauritania', 'mauriplant@adidas.com', 'MF095', 'Adidas Mauritania Plant', NOW(), 'ACTIVE'),
(96, 'Guinea', 'guineaplant@adidas.com', 'MF096', 'Adidas Guinea Plant', NOW(), 'ACTIVE'),
(97, 'Central African Republic', 'carplant@adidas.com', 'MF097', 'Adidas Central African Republic Plant', NOW(), 'ACTIVE'),
(98, 'Equatorial Guinea', 'eqguineaplant@adidas.com', 'MF098', 'Adidas Equatorial Guinea Plant', NOW(), 'ACTIVE'),
(99, 'Swaziland', 'swazilandplant@adidas.com', 'MF099', 'Adidas Swaziland Plant', NOW(), 'ACTIVE'),
(100, 'Lesotho', 'lesothoplant@adidas.com', 'MF100', 'Adidas Lesotho Plant', NOW(), 'ACTIVE');

-- Dummy data for Item

INSERT INTO item (item_id, item_cd, item_nm, unit, unit_price, size, color, category, item_status, created_at, modified_at) VALUES
(1, 'AD001', 'Adidas Ultraboost', 'Pair', 180.00, 42, 'Black', 'Footwear', 'ON_SALE', NOW(), NOW()),
(2, 'AD002', 'Adidas T-shirt', 'Piece', 30.00, 38, 'White', 'Apparel', 'ON_SALE', NOW(), NOW()),
(3, 'AD003', 'Adidas NMD', 'Pair', 160.00, 44, 'Red', 'Footwear', 'ON_SALE', NOW(), NOW()),
(4, 'AD004', 'Adidas Hoodie', 'Piece', 60.00, 40, 'Gray', 'Apparel', 'ON_SALE', NOW(), NOW()),
(5, 'AD005', 'Adidas Joggers', 'Piece', 45.00, 40, 'Blue', 'Apparel', 'ON_SALE', NOW(), NOW()),
(6, 'AD006', 'Adidas Cap', 'Piece', 25.00, 1, 'Black', 'Accessories', 'ON_SALE', NOW(), NOW()),
(7, 'AD007', 'Adidas Tracksuit', 'Piece', 75.00, 42, 'Navy', 'Apparel', 'ON_SALE', NOW(), NOW()),
(8, 'AD008', 'Adidas Slides', 'Pair', 35.00, 44, 'Blue', 'Footwear', 'ON_SALE', NOW(), NOW()),
(9, 'AD009', 'Adidas Backpack', 'Piece', 80.00, 1, 'Black', 'Accessories', 'ON_SALE', NOW(), NOW()),
(10, 'AD010', 'Adidas Gloves', 'Pair', 20.00, 1, 'Gray', 'Accessories', 'ON_SALE', NOW(), NOW()),
(11, 'AD011', 'Adidas Sandals', 'Pair', 25.00, 41, 'Green', 'Footwear', 'ON_SALE', NOW(), NOW()),
(12, 'AD012', 'Adidas Beanie', 'Piece', 20.00, 1, 'Black', 'Accessories', 'ON_SALE', NOW(), NOW()),
(13, 'AD013', 'Adidas Soccer Ball', 'Piece', 30.00, 1, 'White', 'Sports', 'ON_SALE', NOW(), NOW()),
(14, 'AD014', 'Adidas Sweatpants', 'Piece', 50.00, 36, 'Gray', 'Apparel', 'ON_SALE', NOW(), NOW()),
(15, 'AD015', 'Adidas Polo Shirt', 'Piece', 35.00, 40, 'Black', 'Apparel', 'ON_SALE', NOW(), NOW()),
(16, 'AD016', 'Adidas Tennis Shoes', 'Pair', 120.00, 42, 'White', 'Footwear', 'ON_SALE', NOW(), NOW()),
(17, 'AD017', 'Adidas Basketball Jersey', 'Piece', 60.00, 44, 'Blue', 'Apparel', 'ON_SALE', NOW(), NOW()),
(18, 'AD018', 'Adidas Cycling Shorts', 'Piece', 40.00, 38, 'Black', 'Apparel', 'ON_SALE', NOW(), NOW()),
(19, 'AD019', 'Adidas Running Shoes', 'Pair', 140.00, 43, 'Red', 'Footwear', 'ON_SALE', NOW(), NOW()),
(20, 'AD020', 'Adidas Soccer Cleats', 'Pair', 220.00, 42, 'Black', 'Footwear', 'ON_SALE', NOW(), NOW()),
(21, 'AD021', 'Adidas Golf Hat', 'Piece', 25.00, 1, 'White', 'Accessories', 'ON_SALE', NOW(), NOW()),
(22, 'AD022', 'Adidas Yoga Mat', 'Piece', 50.00, 1, 'Purple', 'Sports', 'ON_SALE', NOW(), NOW()),
(23, 'AD023', 'Adidas Duffle Bag', 'Piece', 90.00, 1, 'Black', 'Accessories', 'ON_SALE', NOW(), NOW()),
(24, 'AD024', 'Adidas Running Cap', 'Piece', 20.00, 1, 'Blue', 'Accessories', 'ON_SALE', NOW(), NOW()),
(25, 'AD025', 'Adidas Sweatband', 'Piece', 10.00, 1, 'White', 'Accessories', 'ON_SALE', NOW(), NOW()),
(26, 'AD026', 'Adidas Weightlifting Gloves', 'Pair', 30.00, 1, 'Black', 'Accessories', 'ON_SALE', NOW(), NOW()),
(27, 'AD027', 'Adidas Headphones', 'Piece', 100.00, 1, 'Black', 'Accessories', 'ON_SALE', NOW(), NOW()),
(28, 'AD028', 'Adidas Water Bottle', 'Piece', 20.00, 1, 'Silver', 'Accessories', 'ON_SALE', NOW(), NOW()),
(29, 'AD029', 'Adidas Ankle Socks', 'Pair', 15.00, 1, 'White', 'Accessories', 'ON_SALE', NOW(), NOW()),
(30, 'AD030', 'Adidas Leggings', 'Piece', 40.00, 38, 'Black', 'Apparel', 'ON_SALE', NOW(), NOW()),
(31, 'AD031', 'Adidas Training Shorts', 'Piece', 35.00, 36, 'Navy', 'Apparel', 'ON_SALE', NOW(), NOW()),
(32, 'AD032', 'Adidas Track Jacket', 'Piece', 60.00, 42, 'Red', 'Apparel', 'ON_SALE', NOW(), NOW()),
(33, 'AD033', 'Adidas Climbing Shoes', 'Pair', 130.00, 43, 'Gray', 'Footwear', 'ON_SALE', NOW(), NOW()),
(34, 'AD034', 'Adidas Volleyball', 'Piece', 25.00, 1, 'Yellow', 'Sports', 'ON_SALE', NOW(), NOW()),
(35, 'AD035', 'Adidas Gym Bag', 'Piece', 70.00, 1, 'Black', 'Accessories', 'ON_SALE', NOW(), NOW()),
(36, 'AD036', 'Adidas Swim Cap', 'Piece', 15.00, 1, 'Blue', 'Accessories', 'ON_SALE', NOW(), NOW()),
(37, 'AD037', 'Adidas Hoodie', 'Piece', 60.00, 40, 'Gray', 'Apparel', 'ON_SALE', NOW(), NOW()),
(38, 'AD038', 'Adidas Baseball Cap', 'Piece', 25.00, 1, 'Black', 'Accessories', 'ON_SALE', NOW(), NOW()),
(39, 'AD039', 'Adidas Sunglasses', 'Piece', 120.00, 1, 'Black', 'Accessories', 'ON_SALE', NOW(), NOW()),
(40, 'AD040', 'Adidas Belt', 'Piece', 30.00, 1, 'Brown', 'Accessories', 'ON_SALE', NOW(), NOW()),
(41, 'AD041', 'Adidas Sandals', 'Pair', 50.00, 43, 'White', 'Footwear', 'ON_SALE', NOW(), NOW()),
(42, 'AD042', 'Adidas Baseball Glove', 'Piece', 150.00, 1, 'Brown', 'Sports', 'ON_SALE', NOW(), NOW()),
(43, 'AD043', 'Adidas Shin Guards', 'Pair', 25.00, 1, 'Black', 'Accessories', 'ON_SALE', NOW(), NOW()),
(44, 'AD044', 'Adidas Tennis Racket', 'Piece', 200.00, 1, 'Red', 'Sports', 'ON_SALE', NOW(), NOW()),
(45, 'AD045', 'Adidas Boxing Gloves', 'Pair', 75.00, 1, 'Black', 'Sports', 'ON_SALE', NOW(), NOW()),
(46, 'AD046', 'Adidas Golf Gloves', 'Pair', 40.00, 1, 'White', 'Accessories', 'ON_SALE', NOW(), NOW()),
(47, 'AD047', 'Adidas Bike Helmet', 'Piece', 85.00, 1, 'Blue', 'Accessories', 'ON_SALE', NOW(), NOW()),
(48, 'AD048', 'Adidas Training Vest', 'Piece', 55.00, 40, 'Green', 'Apparel', 'ON_SALE', NOW(), NOW()),
(49, 'AD049', 'Adidas Softball Bat', 'Piece', 100.00, 1, 'Silver', 'Sports', 'ON_SALE', NOW(), NOW()),
(50, 'AD050', 'Adidas Weight Belt', 'Piece', 45.00, 1, 'Black', 'Accessories', 'ON_SALE', NOW(), NOW()),
(51, 'AD051', 'Adidas Yoga Pants', 'Piece', 60.00, 38, 'Gray', 'Apparel', 'ON_SALE', NOW(), NOW()),
(52, 'AD052', 'Adidas Track Shoes', 'Pair', 150.00, 42, 'Black', 'Footwear', 'ON_SALE', NOW(), NOW()),
(53, 'AD053', 'Adidas Tennis Bag', 'Piece', 85.00, 1, 'White', 'Accessories', 'ON_SALE', NOW(), NOW()),
(54, 'AD054', 'Adidas Boxing Shorts', 'Piece', 45.00, 44, 'Blue', 'Apparel', 'ON_SALE', NOW(), NOW()),
(55, 'AD055', 'Adidas Sports Watch', 'Piece', 250.00, 1, 'Black', 'Accessories', 'ON_SALE', NOW(), NOW()),
(56, 'AD056', 'Adidas Windbreaker', 'Piece', 120.00, 42, 'Green', 'Apparel', 'ON_SALE', NOW(), NOW()),
(57, 'AD057', 'Adidas Running Cap', 'Piece', 30.00, 1, 'White', 'Accessories', 'ON_SALE', NOW(), NOW()),
(58, 'AD058', 'Adidas Water Shoes', 'Pair', 60.00, 43, 'Blue', 'Footwear', 'ON_SALE', NOW(), NOW()),
(59, 'AD059', 'Adidas Rugby Jersey', 'Piece', 70.00, 44, 'Red', 'Apparel', 'ON_SALE', NOW(), NOW()),
(60, 'AD060', 'Adidas Rugby Ball', 'Piece', 40.00, 1, 'White', 'Sports', 'ON_SALE', NOW(), NOW()),
(61, 'AD061', 'Adidas Shooting Sleeves', 'Pair', 20.00, 1, 'Black', 'Accessories', 'ON_SALE', NOW(), NOW()),
(62, 'AD062', 'Adidas Winter Gloves', 'Pair', 40.00, 1, 'Gray', 'Accessories', 'ON_SALE', NOW(), NOW()),
(63, 'AD063', 'Adidas Compression Socks', 'Pair', 30.00, 1, 'White', 'Accessories', 'ON_SALE', NOW(), NOW()),
(64, 'AD064', 'Adidas Swim Shorts', 'Piece', 50.00, 40, 'Blue', 'Apparel', 'ON_SALE', NOW(), NOW()),
(65, 'AD065', 'Adidas Running Vest', 'Piece', 40.00, 38, 'Green', 'Apparel', 'ON_SALE', NOW(), NOW()),
(66, 'AD066', 'Adidas Beanie Hat', 'Piece', 20.00, 1, 'Black', 'Accessories', 'ON_SALE', NOW(), NOW()),
(67, 'AD067', 'Adidas Stretch Band', 'Piece', 15.00, 1, 'Gray', 'Accessories', 'ON_SALE', NOW(), NOW()),
(68, 'AD068', 'Adidas Duffel Bag', 'Piece', 90.00, 1, 'Red', 'Accessories', 'ON_SALE', NOW(), NOW()),
(69, 'AD069', 'Adidas Training Mask', 'Piece', 35.00, 1, 'Black', 'Accessories', 'ON_SALE', NOW(), NOW()),
(70, 'AD070', 'Adidas Boxing Headgear', 'Piece', 120.00, 1, 'Blue', 'Accessories', 'ON_SALE', NOW(), NOW()),
(71, 'AD071', 'Adidas Hiking Shoes', 'Pair', 160.00, 42, 'Brown', 'Footwear', 'ON_SALE', NOW(), NOW()),
(72, 'AD072', 'Adidas Hiking Backpack', 'Piece', 180.00, 1, 'Green', 'Accessories', 'ON_SALE', NOW(), NOW()),
(73, 'AD073', 'Adidas Climbing Harness', 'Piece', 110.00, 1, 'Gray', 'Accessories', 'ON_SALE', NOW(), NOW()),
(74, 'AD074', 'Adidas Mountain Bike', 'Piece', 1200.00, 1, 'Red', 'Sports', 'ON_SALE', NOW(), NOW()),
(75, 'AD075', 'Adidas Ski Jacket', 'Piece', 300.00, 42, 'White', 'Apparel', 'ON_SALE', NOW(), NOW()),
(76, 'AD076', 'Adidas Snow Boots', 'Pair', 250.00, 43, 'Black', 'Footwear', 'ON_SALE', NOW(), NOW()),
(77, 'AD077', 'Adidas Ski Goggles', 'Piece', 100.00, 1, 'Black', 'Accessories', 'ON_SALE', NOW(), NOW()),
(78, 'AD078', 'Adidas Snow Pants', 'Piece', 150.00, 44, 'Blue', 'Apparel', 'ON_SALE', NOW(), NOW()),
(79, 'AD079', 'Adidas Winter Scarf', 'Piece', 40.00, 1, 'Gray', 'Accessories', 'ON_SALE', NOW(), NOW()),
(80, 'AD080', 'Adidas Skateboard', 'Piece', 180.00, 1, 'Black', 'Sports', 'ON_SALE', NOW(), NOW()),
(81, 'AD081', 'Adidas BMX Bike', 'Piece', 500.00, 1, 'Red', 'Sports', 'ON_SALE', NOW(), NOW()),
(82, 'AD082', 'Adidas Fitness Tracker', 'Piece', 250.00, 1, 'Black', 'Accessories', 'ON_SALE', NOW(), NOW()),
(83, 'AD083', 'Adidas Winter Coat', 'Piece', 400.00, 42, 'Black', 'Apparel', 'ON_SALE', NOW(), NOW()),
(84, 'AD084', 'Adidas Climbing Helmet', 'Piece', 90.00, 1, 'White', 'Accessories', 'ON_SALE', NOW(), NOW()),
(85, 'AD085', 'Adidas Ski Gloves', 'Pair', 50.00, 1, 'Blue', 'Accessories', 'ON_SALE', NOW(), NOW()),
(86, 'AD086', 'Adidas Snowboard', 'Piece', 450.00, 1, 'Black', 'Sports', 'ON_SALE', NOW(), NOW()),
(87, 'AD087', 'Adidas Gymnastics Mat', 'Piece', 300.00, 1, 'Blue', 'Sports', 'ON_SALE', NOW(), NOW()),
(88, 'AD088', 'Adidas Boxing Bag', 'Piece', 200.00, 1, 'Red', 'Sports', 'ON_SALE', NOW(), NOW()),
(89, 'AD089', 'Adidas Judo Gi', 'Piece', 150.00, 44, 'White', 'Apparel', 'ON_SALE', NOW(), NOW()),
(90, 'AD090', 'Adidas Wrestling Shoes', 'Pair', 100.00, 42, 'Black', 'Footwear', 'ON_SALE', NOW(), NOW()),
(91, 'AD091', 'Adidas Martial Arts Belt', 'Piece', 15.00, 1, 'Black', 'Accessories', 'ON_SALE', NOW(), NOW()),
(92, 'AD092', 'Adidas Weightlifting Belt', 'Piece', 60.00, 1, 'Brown', 'Accessories', 'ON_SALE', NOW(), NOW()),
(93, 'AD093', 'Adidas Speed Rope', 'Piece', 25.00, 1, 'Blue', 'Accessories', 'ON_SALE', NOW(), NOW()),
(94, 'AD094', 'Adidas Resistance Band', 'Piece', 30.00, 1, 'Red', 'Accessories', 'ON_SALE', NOW(), NOW()),
(95, 'AD095', 'Adidas Kayak', 'Piece', 500.00, 1, 'Yellow', 'Sports', 'ON_SALE', NOW(), NOW()),
(96, 'AD096', 'Adidas Canoe Paddle', 'Piece', 100.00, 1, 'Black', 'Accessories', 'ON_SALE', NOW(), NOW()),
(97, 'AD097', 'Adidas Basketball Shoes', 'Pair', 150.00, 44, 'White', 'Footwear', 'ON_SALE', NOW(), NOW()),
(98, 'AD098', 'Adidas Crossfit Shoes', 'Pair', 130.00, 42, 'Black', 'Footwear', 'ON_SALE', NOW(), NOW()),
(99, 'AD099', 'Adidas Lacrosse Stick', 'Piece', 250.00, 1, 'Blue', 'Sports', 'ON_SALE', NOW(), NOW()),
(100, 'AD100', 'Adidas Kayak Helmet', 'Piece', 80.00, 1, 'Red', 'Accessories', 'ON_SALE', NOW(), NOW());
-- Dummy data for ItemManufacture
INSERT INTO item_manufacture (mf_item_id, unit_price, qty, created_at, mf_id, item_id) VALUES
(1, 150.00, 500, NOW(), 1, 1),
(2, 130.00, 300, NOW(), 2, 2),
(3, 160.00, 200, NOW(), 3, 3),
(4, 120.00, 400, NOW(), 4, 4),
(5, 180.00, 600, NOW(), 5, 5),
(6, 110.00, 450, NOW(), 6, 6),
(7, 145.00, 250, NOW(), 7, 7),
(8, 155.00, 350, NOW(), 8, 8),
(9, 170.00, 500, NOW(), 9, 9),
(10, 135.00, 380, NOW(), 10, 10),
(11, 200.00, 650, NOW(), 11, 11),
(12, 190.00, 700, NOW(), 12, 12),
(13, 175.00, 300, NOW(), 13, 13),
(14, 165.00, 550, NOW(), 14, 14),
(15, 180.00, 700, NOW(), 15, 15),
(16, 145.00, 360, NOW(), 16, 16),
(17, 135.00, 410, NOW(), 17, 17),
(18, 150.00, 500, NOW(), 18, 18),
(19, 170.00, 400, NOW(), 19, 19),
(20, 160.00, 600, NOW(), 20, 20);

-- Dummy data for Buyer
INSERT INTO buyer (buyer_id, buyer_cd, email, buyer_nm, tel, address, business_type, buyer_status) VALUES
(1, 'B001', 'buyer1@store.com', 'Buyer 1', '123-456-7890', '123 Main St', 'Retail', 'ACTIVE'),
(2, 'B002', 'buyer2@store.com', 'Buyer 2', '987-654-3210', '456 Oak St', 'Wholesale', 'ACTIVE'),
(3, 'B003', 'buyer3@store.com', 'Buyer 3', '555-789-1234', '789 Pine St', 'Retail', 'ACTIVE'),
(4, 'B004', 'buyer4@store.com', 'Buyer 4', '555-123-4567', '123 Elm St', 'Wholesale', 'ACTIVE'),
(5, 'B005', 'buyer5@store.com', 'Buyer 5', '444-555-6666', '456 Cedar St', 'Retail', 'ACTIVE'),
(6, 'B006', 'buyer6@store.com', 'Buyer 6', '333-444-5555', '789 Maple St', 'E-commerce', 'ACTIVE'),
(7, 'B007', 'buyer7@store.com', 'Buyer 7', '555-333-2222', '101 Oak St', 'Retail', 'ACTIVE'),
(8, 'B008', 'buyer8@store.com', 'Buyer 8', '555-666-7777', '222 Maple St', 'Retail', 'ACTIVE'),
(9, 'B009', 'buyer9@store.com', 'Buyer 9', '555-888-9999', '789 Cedar St', 'E-commerce', 'ACTIVE'),
(10, 'B010', 'buyer10@store.com', 'Buyer 10', '444-999-0000', '123 Birch St', 'Distributor', 'ACTIVE'),
(11, 'B011', 'buyer11@store.com', 'Buyer 11', '123-987-6543', '111 Maple St', 'Retail', 'ACTIVE'),
(12, 'B012', 'buyer12@store.com', 'Buyer 12', '444-321-1234', '222 Elm St', 'Wholesale', 'ACTIVE'),
(13, 'B013', 'buyer13@store.com', 'Buyer 13', '555-234-5678', '333 Cedar St', 'Retail', 'ACTIVE'),
(14, 'B014', 'buyer14@store.com', 'Buyer 14', '666-777-8888', '444 Pine St', 'E-commerce', 'ACTIVE'),
(15, 'B015', 'buyer15@store.com', 'Buyer 15', '123-456-9876', '555 Oak St', 'Retail', 'ACTIVE'),
(16, 'B016', 'buyer16@store.com', 'Buyer 16', '789-123-4567', '666 Birch St', 'Retail', 'ACTIVE'),
(17, 'B017', 'buyer17@store.com', 'Buyer 17', '987-654-3333', '777 Maple St', 'Wholesale', 'ACTIVE'),
(18, 'B018', 'buyer18@store.com', 'Buyer 18', '321-555-9876', '888 Cedar St', 'Distributor', 'ACTIVE'),
(19, 'B019', 'buyer19@store.com', 'Buyer 19', '654-987-3210', '999 Pine St', 'Retail', 'ACTIVE'),
(20, 'B020', 'buyer20@store.com', 'Buyer 20', '333-444-9876', '101 Oak St', 'Wholesale', 'ACTIVE');

-- Dummy data for BuyerItem
INSERT INTO buyer_item (buyer_item_id, unit_price, start_date, end_date, buyer_id, item_id) VALUES
(1, 175.00, '2020-01-01', '2021-01-01', 1, 61),
(2, 160.00, '2020-02-01', '2021-02-01', 2, 62),
(3, 140.00, '2020-03-01', '2021-03-01', 3, 63),
(4, 120.00, '2020-04-01', '2021-04-01', 4, 64),
(5, 180.00, '2020-05-01', '2021-05-01', 5, 65),
(6, 145.00, '2020-06-01', '2021-06-01', 6, 66),
(7, 165.00, '2020-07-01', '2021-07-01', 7, 67),
(8, 150.00, '2020-08-01', '2021-08-01', 8, 68),
(9, 170.00, '2020-09-01', '2021-09-01', 9, 69),
(10, 130.00, '2020-10-01', '2021-10-01', 10, 70),
(11, 155.00, '2020-11-01', '2021-11-01', 11, 71),
(12, 170.00, '2020-12-01', '2021-12-01', 12, 72),
(13, 165.00, '2020-01-01', '2021-01-01', 13, 73),
(14, 150.00, '2020-02-01', '2021-02-01', 14, 74),
(15, 145.00, '2020-03-01', '2021-03-01', 15, 75),
(16, 135.00, '2020-04-01', '2021-04-01', 16, 76),
(17, 180.00, '2020-05-01', '2021-05-01', 17, 77),
(18, 125.00, '2020-06-01', '2021-06-01', 18, 78),
(19, 120.00, '2020-07-01', '2021-07-01', 19, 79),
(20, 110.00, '2020-08-01', '2021-08-01', 20, 80),
(21, 175.00, '2021-01-01', '2022-01-01', 9, 49),
(22, 160.00, '2021-02-01', '2022-02-01', 10, 50),
(23, 140.00, '2021-03-01', '2022-03-01', 11, 51),
(24, 120.00, '2021-04-01', '2022-04-01', 12, 52),
(25, 180.00, '2021-05-01', '2022-05-01', 13, 53),
(26, 145.00, '2021-06-01', '2022-06-01', 14, 54),
(27, 165.00, '2021-07-01', '2022-07-01', 15, 55),
(28, 150.00, '2021-08-01', '2022-08-01', 16, 56),
(29, 170.00, '2021-09-01', '2022-09-01', 17, 57),
(30, 130.00, '2021-10-01', '2022-10-01', 18, 58),
(31, 155.00, '2021-11-01', '2022-11-01', 19, 59),
(32, 170.00, '2021-12-01', '2022-12-01', 20, 60),
(33, 175.00, '2023-11-05', '2024-11-04', 1, 1),
(34, 160.00, '2023-11-05', '2024-11-04', 2, 2),
(35, 140.00, '2023-11-05', '2024-11-04', 3, 3),
(36, 120.00, '2023-11-05', '2024-11-04', 4, 4),
(37, 180.00, '2023-11-05', '2024-11-04', 5, 5),
(38, 145.00, '2023-11-05', '2024-11-04', 6, 6),
(39, 165.00, '2023-11-05', '2024-11-04', 7, 7),
(40, 150.00, '2023-11-05', '2024-11-04', 8, 8),
(41, 170.00, '2023-11-05', '2024-11-04', 9, 9),
(42, 130.00, '2023-11-05', '2024-11-04', 10, 10),
(43, 155.00, '2023-11-05', '2024-11-04', 11, 11),
(44, 170.00, '2023-11-05', '2024-11-04', 12, 12),
(45, 165.00, '2023-11-05', '2024-11-04', 13, 13),
(46, 150.00, '2023-11-05', '2024-11-04', 14, 14),
(47, 145.00, '2023-11-05', '2024-11-04', 15, 15),
(48, 135.00, '2023-11-05', '2024-11-04', 16, 16),
(49, 180.00, '2023-11-05', '2024-11-04', 17, 17),
(50, 125.00, '2023-11-05', '2024-11-04', 18, 18),
(51, 120.00, '2023-11-05', '2024-11-04', 19, 19),
(52, 110.00, '2023-11-05', '2024-11-04', 20, 20),
(53, 175.00, '2023-11-05', '2024-11-04', 1, 21),
(54, 160.00, '2023-11-05', '2024-11-04', 2, 22),
(55, 140.00, '2023-11-05', '2024-11-04', 3, 23),
(56, 120.00, '2023-11-05', '2024-11-04', 4, 24),
(57, 180.00, '2023-11-05', '2024-11-04', 5, 25),
(58, 145.00, '2023-11-05', '2024-11-04', 6, 26),
(59, 165.00, '2023-11-05', '2024-11-04', 7, 27),
(60, 150.00, '2023-11-05', '2024-11-04', 8, 28),
(61, 170.00, '2023-11-05', '2024-11-04', 9, 29),
(62, 130.00, '2023-11-05', '2024-11-04', 10, 30),
(63, 155.00, '2023-11-05', '2024-11-04', 11, 31),
(64, 170.00, '2023-11-05', '2024-11-04', 12, 32),
(65, 165.00, '2023-11-05', '2024-11-04', 13, 33),
(66, 150.00, '2023-11-05', '2024-11-04', 14, 34),
(67, 145.00, '2023-11-05', '2024-11-04', 15, 35),
(68, 135.00, '2023-11-05', '2024-11-04', 16, 36),
(69, 180.00, '2023-11-05', '2024-11-04', 17, 37),
(70, 125.00, '2023-11-05', '2024-11-04', 18, 38),
(71, 120.00, '2023-11-05', '2024-11-04', 19, 39),
(72, 110.00, '2023-11-05', '2024-11-04', 20, 40),
(73, 175.00, '2023-11-05', '2024-11-04', 1, 41),
(74, 160.00, '2023-11-05', '2024-11-04', 2, 42),
(75, 140.00, '2023-11-05', '2024-11-04', 3, 43),
(76, 120.00, '2023-11-05', '2024-11-04', 4, 44),
(77, 180.00, '2023-11-05', '2024-11-04', 5, 45),
(78, 145.00, '2023-11-05', '2024-11-04', 6, 46),
(79, 165.00, '2023-11-05', '2024-11-04', 7, 47),
(80, 150.00, '2023-11-05', '2024-11-04', 8, 48);
